Axis,Eigenvalue,%Variance,%Cumulé
1,2.5000000000000004,100.0,100.0
2,3.8909665301818797e-32,1.5563866120727516e-30,100.0
